221024798894641654,90900,487968416989874169,[],1
221024080382286680,50000,037957649904479799,[],2
221024770604851647,25000,890409556817169506,[],3
221024991722164802,15000,490246884274837851,[],4
221024266152058569,10000,011889035612186150,[],5
221024281175112713,5100,493025038316227408,[],6
221024745289954598,2000,298908340416221711,[],7
221024419891808613,1000,655847337202132706,[],8
221024094228135961,1000,817002440857206386,[],9
221024971526976188,1000,502393701794376289,[],10
221024285671399488,9000,974609323167899793,[],11
221024648254590652,0,447540206876874337,[],12
221024085492675532,0,959817798601677436,[],13
221024771289169950,0,506057991457192799,[],14
221024040968471043,0,480067188899273716,[],15
221024567711321687,0,844314494136848648,[],16
221024536519413520,0,567570660593256770,[],17
221024313019430043,0,538020481118107277,[],18
221024297829618977,0,420971985224781831,[],19
221024106367898207,0,671638970501785088,[],20
221024683706563087,0,665615667468192626,[],21
221024363616888070,0,906970323766166054,[],22
221024748608212929,0,377784775680271779,[],23
221024660585591835,0,270026385057263392,[],24
221024796659236068,0,925647654869183467,[],25
221024507422688041,0,765025872275072516,[],26
221024577253125173,0,019988434544083370,[],27
221024047163042998,0,320893942613931726,[],28
221024694130859804,0,115402206699008001,[],29
221024939136567854,0,755833142896051717,[],30
221024952589323764,0,745466929896480551,[],31
221024450315500627,0,465258312453455088,[],32
221024426243294625,0,043261845809584977,[],33
221024902095668107,0,950322080738863136,[],34
221024288422072134,0,402208568928372744,[],35
221024579569570405,0,465511525116008659,[],36
221024452537893567,0,653680674462501137,[],37
221024688041507889,0,702340889170573963,[],38
221024085360820111,0,082897105224866721,[],39
221024087275470231,0,141359728804312379,[],40
221024139003711296,0,210807587343570327,[],41
221024179336805203,0,164351015707148550,[],42
221024689120011501,0,169191295213228166,[],43
221024034761428246,0,028349924346036759,[],44
221024324835298361,0,511226151970892831,[],45
221024725828666798,0,778927941256300148,[],46
221024682793211334,0,401350859937510155,[],47
221024573504005335,0,966607109204151481,[],48
221024855415808114,0,438794546221551980,[],49
221024031090309182,0,283584764916322798,[],50
221024916245197917,0,257671316660080767,[],51
221024031583116429,0,785656370733631317,[],52
221024870078070827,0,966616707239827786,[],53
221024899914382740,0,289649857429750258,[],54
221024808172915268,0,587620300776078979,[],55
221024717684929703,0,365026486643414516,[],56
221024875831789512,0,936474267086651747,[],57
221024021599010173,0,662550376278210059,[],58
221024980651749260,0,915782787780275744,[],59
221024044582511286,0,951482646917166499,[],60
221024793884596861,0,954169816963987024,[],61
221024605368235909,0,465348641376571950,[],62
221024722654949013,0,850993406918860884,[],63
221024427628712478,0,552620073111698003,[],64
221024131904349121,0,481340019957321196,[],65
221024121432179371,0,609072245810774941,[],66
221024151227182305,0,031812149639422062,[],67
221024500985531215,0,245693045639914160,[],68
221024117121468248,0,049595914084730383,[],69
221024658641226713,0,709768937768667520,[],70
221024341598859956,0,712869088903416553,[],71
221024399394366290,0,407844548071421592,[],72
221024846031909506,0,756251097490209233,[],73
221024667329749546,0,759418729957322257,[],74
221024085503056612,0,532603957446561321,[],75
221024176015711450,0,220667758118269961,[],76
221024569391424421,0,905391391578789158,[],77
221024874547509587,0,066746724862522237,[],78
221024579445777403,0,897337649564126347,[],79
221024468421289825,0,397324718601873060,[],80
221024196998812691,0,758631439973897997,[],81
221024514237561964,0,111952463825838848,[],82
221024332589570186,0,185490325146643899,[],83
221024493196879041,0,013634117447497768,[],84
221024306254368227,0,002428577986312400,[],85
221024294529974472,0,552928329394789918,[],86
221024812990859657,0,203784726253123240,[],87
221024129087663355,0,871415571667961880,[],88
221024601984289001,0,042432487680733795,[],89
221024712724666795,0,340251878564287568,[],90
221024609088079094,0,370037435896973398,[],91
221024340425657340,0,831020194792543667,[],92
221024289112640918,0,561725262947048031,[],93
221024520160102180,0,569657209513148133,[],94
221024615316008680,0,258156405681508214,[],95
221024706204844727,0,748266270245921870,[],96
221024672352558128,0,314114247082277373,[],97
221024916173724657,0,141089847959360553,[],98
221024494453686843,0,654159595707946484,[],99
221024689654328303,0,413074500520442785,[],100
221024086191173306,0,620173512331630303,[],101
221024434428788691,0,750856796324715108,[],102
221024204776712520,0,582257976406242116,[],103
221024118865519403,0,626550605638482004,[],104
221024935809935492,0,707528845910299299,[],105
221024985405583407,0,467721004610190846,[],106
221024604907079464,0,030536191343153747,[],107
221024920979252889,0,426337135825973927,[],108
221024781531111734,0,344052939381768454,[],109
221024730195118121,0,762314064946764283,[],110
221024811106643520,0,333399648346097092,[],111
221024956612439022,0,543511221664152838,[],112
221024420656813439,0,352129014109576691,[],113
221024150772456722,0,582760546717949093,[],114
221024784915593596,0,024992286776017707,[],115
221024874237687832,0,822892505332841096,[],116
221024738742110709,0,211782834444592991,[],117
221024497371011111,0,401850783009115230,[],118
221024940295514566,0,838946032529241550,[],119
221024210460078546,0,580443325980039895,[],120
221024871391190427,0,112529245300864706,[],121
221024956734050853,0,332524646781831895,[],122
221024857021292363,0,015406625364523382,[],123
221024928474090642,0,403501105980187101,[],124
221024734088534417,0,440386694481542474,[],125
221024628961898420,0,434950717578373030,[],126
221024278730890367,0,566918631185177317,[],127
221024833847487966,0,396757085050824298,[],128
221024063586287312,0,706830687401615540,[],129
221024996952678980,0,918549779525623140,[],130
221024168768862411,0,131234594785924506,[],131
221024431931034779,0,630791718321569930,[],132
221024916772863289,0,295760776182115939,[],133
221024282502123697,0,356448434393762048,[],134
221024601891694963,0,490339697037293387,[],135
221024729477058407,0,941227429689944947,[],136
221024533414612213,0,178106415493365382,[],137
221024526445825861,0,308773451461860818,[],138
221024250341847618,0,695711438248138248,[],139
221024000498037487,0,662074947647027216,[],140
221024924670773737,0,933717407029296797,[],141
221024946395228699,0,229258963514583863,[],142
221024503339455908,0,144971407909130272,[],143
221024660416035048,0,958277642783645906,[],144
221024846191769847,0,486624914242480548,[],145
221024291511451970,0,741703260379667313,[],146
221024419553492312,0,392941588912018422,[],147
221024512790797735,0,941504994779533066,[],148
221024276163339321,0,514616146206910921,[],149
221024024802004262,0,779896093799910521,[],150
221024803452253116,0,144743482932096884,[],151
221024085181538215,0,187228647393768226,[],152
221024051363341246,0,811841384902830488,[],153
221024073027131705,0,624415957483812825,[],154
221024551773632534,0,909443910282433580,[],155
221024651512497732,0,416353194155593745,[],156
221024177936659446,0,992383533518788791,[],157
221024094427671788,0,479886291094493109,[],158
221024198385783834,0,346963826670932782,[],159
221024378605332956,0,189622238552404114,[],160
221024372203966653,0,210611301340924217,[],161
221024180205384225,0,274834911876272000,[],162
221024581497040219,0,666504091797239012,[],163
221024041314956415,0,144866500708794335,[],164
221024697525889285,0,881282469496037426,[],165
221024439518032886,0,124486898209508890,[],166
221024205087389613,0,334954822337979515,[],167
221024432391592818,0,793211220558242212,[],168
221024521895695138,0,896594822515029994,[],169
221024854783627637,0,345138401220218365,[],170
221024644158032101,0,396421042915371504,[],171
221024309440654673,0,724451870073238092,[],172
221024435829175277,0,753948925586867291,[],173
221024092303652086,0,773875884612095100,[],174
221024921441536356,0,760631772471075583,[],175
221024287723054037,0,688518583111143087,[],176
221024239601071579,0,643818196632627025,[],177
221024813102704470,0,778367370602187354,[],178
221024095959952705,0,371235901378686171,[],179
221024412077700843,0,785256963554111865,[],180
221024958384864700,0,467482225174363149,[],181
221024808016029896,0,667547565764126988,[],182
221024875712037645,0,080638076515040635,[],183
221024123730715925,0,836035496306818792,[],184
221024919680328138,0,004977280972713332,[],185
221024089064107999,0,365009474947953759,[],186
221024768965860443,0,653384101231426802,[],187
221024573067902691,0,022008988106780145,[],188
221024854473046245,0,859483865436691264,[],189
221024518186025765,0,361972812350748655,[],190
221024107887291135,0,738673339518953790,[],191
221024092959841389,0,854951923284239462,[],192
221024808458783098,0,970570603547332432,[],193
221024162461727903,0,639127149337719948,[],194
221024052990597768,0,113374789370476240,[],195
221024850441559805,0,268241899794370404,[],196
221024441441178425,0,071533774871431943,[],197
221024282078544153,0,847808335129427038,[],198
221024763715714315,0,471191229693821454,[],199
221024204382496564,0,890235369675219913,[],200
221024119026675809,0,648418696746970335,[],201
221024499150130812,0,756498693498050313,[],202
221024086879800310,0,715236934040834088,[],203
221024125402290413,0,051146625461115007,[],204
221024255347718381,0,149979118811553577,[],205
221024407226286042,0,331343316633230820,[],206
221024975987975482,0,960695697523217420,[],207
221024925377973856,0,022653004307652387,[],208
221024940386910423,0,393582574670077931,[],209
221024279269700869,0,070357949347999853,[],210
221024789775850644,0,412779054254487861,[],211
221024744395110721,0,549678534315368774,[],212
221024178301195330,0,323301658044790882,[],213
221024049200871015,0,762245849011060039,[],214
221024797186793505,0,549558233633882725,[],215
221024356783871434,0,579133366797680937,[],216
221024251939406085,0,561236903194322582,[],217
221024883213216446,0,160720288828596515,[],218
221024355917618822,0,645712737039052575,[],219
221024735254415808,0,075903303436351127,[],220
221024759769320645,0,739611875612763635,[],221
221024931573106305,0,406156297376273872,[],222
221024007444857342,0,738270952784403411,[],223
221024190078448058,0,334378584495742437,[],224
221024985419527690,0,786133967273069912,[],225
221024222388058447,0,526234565660886967,[],226
221024701548287531,0,512789104944783974,[],227
221024779792332641,0,973875589886847373,[],228
221024703540983584,0,456867097885509483,[],229
221024012167170167,0,519870999268528985,[],230
221024013903909567,0,122465387248972739,[],231
221024350230733151,0,373010742408415622,[],232
221024650619417115,0,448994966199119343,[],233
221024838114324570,0,776449022473403555,[],234
221024786142153476,0,454035816054361035,[],235
221024139125260509,0,793768820656459925,[],236
221024652487340917,0,864892300727951434,[],237
221024532782413476,0,943802860012469385,[],238
221024623734106348,0,093870930523530150,[],239
221024216289127477,0,179744361119517887,[],240
221024613915374443,0,125245560430948211,[],241
221024368064286424,0,533501948830557269,[],242
221024746131004586,0,014160466548859938,[],243
221024067950121372,0,907412006350407534,[],244
221024847024029523,0,298654613547931457,[],245
221024628505820967,0,901627801108411715,[],246
221024685677658196,0,248643397202858165,[],247
221024592678063656,0,740368297759611155,[],248
221024085548465145,0,638774934373055546,[],249
221024668740878689,0,194699293502853102,[],250
221024542599116011,0,629004175505300001,[],251
221024995713628626,0,726264466817010875,[],252
221024522081085338,0,879045629927294392,[],253
221024038386637033,0,805342641622683070,[],254
221024234505548353,0,065048695474486814,[],255
221024805258615812,0,035809369194482532,[],256
221024426138230069,0,406190640706149417,[],257
221024092502058946,0,037539267709743843,[],258
221024256449985716,0,434977417974016332,[],259
221024730798203191,0,291324935063526911,[],260
221024279688256291,0,615095791054627914,[],261
221024814411141531,0,645316293499375923,[],262
221024700315847388,0,531814867396477678,[],263
221024294336776941,0,515917344129050510,[],264
221024123309634792,0,784830585441888551,[],265
221024319045384939,0,316019294318766437,[],266
221024025375743635,0,373194881106356679,[],267
221024509173850143,0,656239707350725732,[],268
221024033183260914,0,152904022953761439,[],269
221024669349580209,0,908295101693812411,[],270
221024576821818735,0,264961281449990020,[],271
221024110330882937,0,546681220493499827,[],272
221024394453695186,0,361034789041814914,[],273
221024732490125296,0,670327873229788645,[],274
221024433394401255,0,416808755306527288,[],275
221024773962596078,0,916357923894564924,[],276
221024731985143145,0,056572147063805899,[],277
221024061306629613,0,861374981407831943,[],278
221024704570406770,0,847057429856519827,[],279
221024137721584259,0,503060197287552451,[],280
221024974342057252,0,111204314308018045,[],281
221024350809139506,0,127004905998468736,[],282
221024698551965032,0,054111815060526992,[],283
221024006543707263,0,426202409202558582,[],284
221024779719637671,0,185937936477997369,[],285
221024772760798273,0,536024499020791272,[],286
221024880890398948,0,410264179988818983,[],287
221024156339643663,0,084843649228915496,[],288
221024014487620630,0,981134383221022814,[],289
221024537972497497,0,403301135513435773,[],290
221024965389775656,0,815044677181983185,[],291
221024177180143827,0,296943934488103704,[],292
221024365332261953,0,978135368507098451,[],293
221024474156459114,0,727541833588232999,[],294
221024010502949253,0,396325717409578054,[],295
221024047568895146,0,001921827696777971,[],296
221024335654358669,0,271944583560444524,[],297
221024286981940675,0,937686449436220361,[],298
221024074867983540,0,880049943072663993,[],299
221024561742018522,0,894631574157990127,[],300
221024861890312994,0,500277644126148954,[],301
221024464870689375,0,254653125182523532,[],302
221024514958628415,0,946879779710628907,[],303
221024373777384736,0,830279435049767068,[],304
221024795667766272,0,640905102603939612,[],305
221024445479051522,0,855349219140463332,[],306
221024241550834965,0,019256506867210158,[],307
221024452562498651,0,251191170094523251,[],308
221024362832866080,0,274558979468796799,[],309
221024839503067720,0,724238231950420925,[],310
221024759200968801,0,273120230054427318,[],311
221024147159969191,0,006098018480573348,[],312
221024671553814787,0,374317431157649551,[],313
221024983120922386,0,947145850210748782,[],314
221024133633911417,0,212467599665107985,[],315
221024920057481778,0,650565873985551773,[],316
221024930651660440,0,434978478345837580,[],317
221024947994560605,0,640156087335251536,[],318
221024267313303986,0,248974808187708459,[],319
221024891824575248,0,361481354076779903,[],320
221024958661091576,0,035428875150028582,[],321
221024137086121013,0,973335866895042171,[],322
221024284083037058,0,390755695170509473,[],323
221024008565731261,0,279082485475760177,[],324
221024365254923305,0,912557821272244714,[],325
221024472555562499,0,846432870222986296,[],326
221024299209591158,0,474612307012497544,[],327
221024167965251927,0,102788385832700844,[],328
221024324779023508,0,162734701553996610,[],329
221024671994028579,0,043924617246604224,[],330
221024401390423008,0,345789074355618499,[],331
221024464422493101,0,507219021456580650,[],332
221024007781775650,0,557787937629431646,[],333
221024992522638210,0,321313914142405505,[],334
221024500673136923,0,579168069233778435,[],335
221024599958677167,0,028467498937654567,[],336
221024258380873760,0,138972913230501138,[],337
221024700220721747,0,822248638900647682,[],338
221024312366787256,0,106908579047003110,[],339
221024715093153247,0,358470755799776030,[],340
221024862044197779,0,299128848474378989,[],341
221024825662595581,0,366222679084876436,[],342
221024785153244869,0,177113527235105571,[],343
221024849358927106,0,293835967384448967,[],344
221024344636045200,0,472608292015254442,[],345
221024129446507015,0,006608880172114565,[],346
221024018152289754,0,952082343169754698,[],347
221024087256708319,0,462952619784296096,[],348
221024941498985500,0,181134974733752717,[],349
221024235378122925,0,468595204721800849,[],350
221024145569882979,0,895480998995548305,[],351
221024598889126301,0,517337802475350448,[],352
221024171691689725,0,332794158710117748,[],353
221024116602634482,0,627745891729567364,[],354
221024351702455453,0,745918884290740463,[],355
221024649527663446,0,657842831553416523,[],356
221024505127603379,0,877173824477767643,[],357
221024792780975694,0,167722507435733518,[],358
221024405513150735,0,364327383509102251,[],359
221024145163119182,0,989095186299739955,[],360
221024406120664791,0,736121448579871644,[],361
221024962273601273,0,101404372225928743,[],362
221024855562923781,0,887695920736420597,[],363
221024367288403241,0,895287691630536232,[],364
221024627323448966,0,470293154457488456,[],365
221024687834984702,0,510702149369396900,[],366
221024771228051413,0,647272330142962437,[],367
221024880394013640,0,816133370991407375,[],368
221024381277581971,0,412432203731456917,[],369
221024163845725707,0,481073859951924151,[],370
221024970898448035,0,901678047743283209,[],371
221024419391144959,0,263756921957323761,[],372
221024276129338031,0,125311838503204681,[],373
221024545650599742,0,216165449749725485,[],374
221024972056965054,0,116135755874697998,[],375
221024427396286902,0,934414349459238907,[],376
221024345008724829,0,909997019763439993,[],377
221024190595077468,0,817777721181373432,[],378
221024466572065936,0,046658325268199727,[],379
221024617874335186,0,566782208773554579,[],380
221024850704322165,0,757867083121735562,[],381
221024629581422525,0,665196099456105321,[],382
221024977939564844,0,438656768661762807,[],383
221024557667030727,0,850458016242706652,[],384
221024270505886000,0,479312071272960955,[],385
221024200532228258,0,737298505140816892,[],386
221024157246544001,0,540392722304220333,[],387
221024439479093671,0,979113772861159130,[],388
221024955867857248,0,491629576956992625,[],389
221024116646780600,0,442326943658826905,[],390
221024904588263324,0,155699858496794146,[],391
221024386065733156,0,325501904289762750,[],392
221024247861209504,0,618644012264250889,[],393
221024179538517144,0,349333467291431549,[],394
221024715735143041,0,635489747720389342,[],395
221024410164976938,0,647702528543256128,[],396
221024395620890965,0,716997877393264168,[],397
221024120816877801,0,463882577435995800,[],398
221024783144429757,0,684580829785379463,[],399
221024784359910885,0,639044479325133586,[],400
221024048019278825,0,600837594665248704,[],401
221024082043360013,0,856039991309122493,[],402
221024613192909956,0,765255902704826981,[],403
221024191561991012,0,172981672580492217,[],404
221024293349662177,0,999495891094130146,[],405
221024484226895344,0,591367385632568736,[],406
221024087676368329,0,803909658963355875,[],407
221024264026011608,0,685194407610438067,[],408
221024646458864351,0,411482588665541494,[],409
221024015585785835,0,752234140289875047,[],410
221024923088636318,0,195726087404203553,[],411
221024288714084336,0,406877226559561263,[],412
221024339061108489,0,401865747653493876,[],413
221024323775429934,0,531294240020511999,[],414
221024485624552837,0,910478350947718115,[],415
221024755528535165,0,247583137474641195,[],416
221024531127806149,0,463911925679049046,[],417
221024873645570827,0,176523206097351732,[],418
221024621452247653,0,053875853265671943,[],419
221024538840207131,0,536168106463651547,[],420
221024102694438671,0,208799199293446068,[],421
221024557114326881,0,416115775935282243,[],422
221024244556587933,0,500838722709920898,[],423
221024008054618166,0,884557348510470805,[],424
221024340532507886,0,666793267469153682,[],425
221024309167652891,0,117073044092247926,[],426
221024985028032097,0,790587883794058385,[],427
221024473343615678,0,945929674524845788,[],428
221024595480871964,0,067891083498373305,[],429
221024854893469868,0,553365291609930345,[],430
221024595977629180,0,695536729452742000,[],431
221024858139834642,0,759338750279155274,[],432
221024546651317841,0,245699654002195733,[],433
221024548810246053,0,016083163615063341,[],434
221024081780452019,0,017164258179502055,[],435
221024501428063808,0,965749796351378727,[],436
221024056273100893,0,715789983096202802,[],437
221024704731121390,0,741359259406966229,[],438
221024878028472709,0,154155942972343805,[],439
221024153350137101,0,153485540834819228,[],440
221024533088583247,0,029088292593102261,[],441
221024455444841760,0,371234863130968414,[],442
221024741958710608,0,791406683145546467,[],443
221024711706363251,0,573927971934984757,[],444
221024122702548065,0,334002029109821952,[],445
221024621046970448,0,248263733758749840,[],446
221024514190193215,0,260568120438113049,[],447
221024688556592285,0,159146812902080102,[],448
221024311960790480,0,121044506010929635,[],449
221024468313966917,0,322200036078408554,[],450
221024721118491738,0,595128910552494376,[],451
221024546400525315,0,092804801765709742,[],452
221024924344661154,0,966988533575997760,[],453
221024377368333726,0,236443741625134155,[],454
221024113747778569,0,452417875785138410,[],455
221024399806230167,0,062710761698101445,[],456
221024802650674291,0,352944099591900141,[],457
221024460696744665,0,452050951979653125,[],458
221024574680066148,0,464572609577930853,[],459
221024509368699165,0,386776793481416862,[],460
221024276339177290,0,970219155914290518,[],461
221024696088625538,0,761857246368967352,[],462
221024789547128042,0,045544178341789821,[],463
221024610943513082,0,122649660722229940,[],464
221024310653282517,0,369777599753870933,[],465
221024640789882385,0,307453463656091210,[],466
221024802688568285,0,745792315136057850,[],467
221024609278211463,0,640922702920260658,[],468
221024721238052688,0,164496974693060204,[],469
221024961227660072,0,030186747531070235,[],470
221024102986539814,0,916238548336564982,[],471
221024281033690416,0,549421280146188137,[],472
221024422462361302,0,503495294553845749,[],473
221024039345002880,0,921258041284498291,[],474
221024214240189215,0,120325853632211283,[],475
221024722392914342,0,709912173193017438,[],476
221024563779118577,0,280966940728473879,[],477
221024001947632574,0,796588771620499043,[],478
221024349936819738,0,727500302215331846,[],479
221024608173060363,0,731869518890335212,[],480
221024377771758051,0,903113055182491370,[],481
221024263412523789,0,713677070501484127,[],482
221024492436372231,0,203206026501769652,[],483
221024136394536966,0,125447312314869496,[],484
221024111119371399,0,647488822321800026,[],485
221024520912192731,0,386092192839428290,[],486
221024272608748137,0,082871281084016118,[],487
221024433604073505,0,270226222048213523,[],488
221024685143142902,0,982302340400816420,[],489
221024068362175815,0,404833467401657752,[],490
221024931641704411,0,781263381849719298,[],491
221024587222087648,0,727917193217732744,[],492
221024906134659294,0,886150459914940603,[],493
221024739414157647,0,977410221710220761,[],494
221024012570899274,0,222149457831226138,[],495
221024695996503389,0,908937698178000912,[],496
221024375722655627,0,067876078076475137,[],497
221024477619624124,0,816837009003075351,[],498
221024046540785490,0,623188725796985268,[],499
221024432020956436,0,207448052685199831,[],500
221024821302010199,0,442045215951057475,[],501
221024218735484702,0,241488317203048187,[],502
221024827201599434,0,520366632648142526,[],503
221024191960425830,0,944875392502153719,[],504
221024387277265612,0,367809817032069666,[],505
221024665865459075,0,778973949484736520,[],506
221024674924685857,0,258459794181249889,[],507
221024439477723536,0,002277221489064917,[],508
221024273798499034,0,424436099836340763,[],509
221024220306324941,0,060875392980129798,[],510
221024903815512580,0,850858856024282809,[],511
221024316306926332,0,636096785520639680,[],512
221024161441246807,0,743338029336403031,[],513
221024664165106286,0,496007539941582461,[],514
221024158398659914,0,194565587742977571,[],515
221024205514551851,0,930954687830866748,[],516
221024150461889015,0,128431125397940865,[],517
221024116118900675,0,825849411321564038,[],518
221024076029891266,0,233815537068768637,[],519
221024814985204741,0,682020377876697039,[],520
221024532441558928,0,024950205325870066,[],521
221024639424888077,0,731062234242303199,[],522
221024003211265920,0,544921041916839158,[],523
221024430381393044,0,970014184221351473,[],524
221024057848950739,0,716906540401648380,[],525
221024475045905581,0,535118379151280664,[],526
221024455192199395,0,763624082608410741,[],527
221024737868280900,0,679087261005772919,[],528
221024246935319546,0,112869405562926506,[],529
221024327557927218,0,121302718274854945,[],530
221024157659015558,0,519873894440462527,[],531
221024579579503592,0,580167124464694498,[],532
221024502611291043,0,321211557661102417,[],533
221024830296623988,0,310685027991913660,[],534
221024390385683986,0,804858258608859071,[],535
221024572258475148,0,911400809620652237,[],536
221024188472292316,0,858187448788198686,[],537
221024977386377118,0,343973243503045356,[],538
221024768072379611,0,851249063750141940,[],539
221024715876555012,0,375331578373554646,[],540
221024051579282195,0,759365198952540347,[],541
221024614967376687,0,611235569925338674,[],542
221024064059057397,0,277554247839275927,[],543
221024551141682656,0,780080012773062745,[],544
221024438900459591,0,840143215015849727,[],545
221024069301245161,0,476644508323345675,[],546
221024160903711959,0,950885753480903344,[],547
221024151136607615,0,658343707075524517,[],548
221024065364300489,0,376412317457354429,[],549
221024899252225118,0,551237912751996980,[],550
221024646223895092,0,053282578990560156,[],551
221024138084206464,0,973656859752059259,[],552
221024541192286727,0,813605070196811928,[],553
221024575987508307,0,635348805613828417,[],554
221024508361908014,0,957960165606718491,[],555
221024792838354519,0,872528281994582069,[],556
221024045493104112,0,073002539795877946,[],557
221024980512119298,0,784606326221701228,[],558
221024151058288913,0,056743131339029527,[],559
221024310209607009,0,797251641155377158,[],560
221024031076722881,0,883289464382716994,[],561
221024071490239683,0,733627020907792898,[],562
221024083148702426,0,906290938666729039,[],563
221024567098252131,0,658486281690633927,[],564
221024827338340592,0,264113267123243144,[],565
221024732033100024,0,629811315532137791,[],566
221024051588295949,0,922846869509714926,[],567
221024556057923726,0,890916241753489559,[],568
221024244458374789,0,728598324738755210,[],569
221024765327059915,0,389484604696765423,[],570
221024668443618059,0,857509300521543820,[],571
221024508249974131,0,180010141417510455,[],572
221024272182249468,0,621651287747385680,[],573
221024093269166717,0,313250371099333659,[],574
221024800419127544,0,915911067140652435,[],575
221024194338088119,0,893555729265289077,[],576
221024263690698540,0,845069023747672710,[],577
221024340192239250,0,955132661550000967,[],578
221024858033571190,0,560584274402867758,[],579
221024521114049550,0,628372911294156019,[],580
221024265408146742,0,014380103795942125,[],581
221024097819979576,0,735913831456705611,[],582
221024718468342637,0,277236608845522601,[],583
221024173512208880,0,601197253204571223,[],584
221024816270734855,0,043842702101417468,[],585
221024539153592243,0,756754861287473783,[],586
221024066251247210,0,037228360551712299,[],587
221024003888246269,0,971553680037337493,[],588
221024862503464106,0,955284067649550444,[],589
221024720375936436,0,516817110706459760,[],590
221024858940699293,0,942589103258438374,[],591
221024322708803510,0,129195213184504613,[],592
221024276473923136,0,059854066141045373,[],593
221024172792339414,0,918938633736604211,[],594
221024671625690770,0,740299741928228432,[],595
221024479369750601,0,466210177794077776,[],596
221024607917813536,0,362086627083624126,[],597
221024336687764276,0,943980698605181628,[],598
221024733368305710,0,454378948843555274,[],599
221024094025993537,0,898374703912889486,[],600
221024230449425305,0,853954551534632671,[],601
221024969588147425,0,639303301968999877,[],602
221024186625455021,0,743066369031546889,[],603
221024070006395930,0,375870685373554806,[],604
221024307869344880,0,495769612494336927,[],605
221024141011698716,0,952330109481668044,[],606
221024783506221698,0,512552638456881230,[],607
221024458030548910,0,768100087675858488,[],608
221024426423170132,0,689592029320367762,[],609
221024716692441365,0,714173071270556749,[],610
221024740419933293,0,027794316404254101,[],611
221024709854795496,0,407060632868510850,[],612
221024013014303570,0,409570801116894575,[],613
221024644764018757,0,626262847559411509,[],614
221024480645688627,0,891268613847565322,[],615
221024422620545716,0,506397878707206438,[],616
221024402732287606,0,844395899865002857,[],617
221024092332441858,0,654322279068415443,[],618
221024518215674469,0,968909045625729114,[],619
221024235057933432,0,696083776578220029,[],620
221024411517481133,0,957533829422384289,[],621
221024120578246421,0,334848599502872725,[],622
221024222740026522,0,122753568118224381,[],623
221024482330617638,0,910468235072355955,[],624
221024056004714135,0,467254834953645934,[],625
221024006401336209,0,225836596111739792,[],626
221024539263448739,0,993547455145040724,[],627
221024537840777485,0,569631822511095814,[],628
221024757979988220,0,715845274883690965,[],629
221024466334729654,0,341671293525313235,[],630
221024770638936772,0,430643653139806271,[],631
221024627987856629,0,567300998330645893,[],632
221024590081948465,0,862379124454485686,[],633
221024527795726129,0,855244602950544435,[],634
221024849617116270,0,332892629878312894,[],635
221024130348903022,0,453589026092662905,[],636
221024657174572569,0,718258854799624175,[],637
221024434007741125,0,390540005628561753,[],638
221024768242045742,0,529824098710184783,[],639
221024050423030153,0,758114870878076888,[],640
221024487285216428,0,470568727344511924,[],641
221024658152516884,0,331682868321140222,[],642
221024296965080814,0,638325640860740668,[],643
221024843454610614,0,280947232243090016,[],644
221024172257471799,0,123725485531408769,[],645
221024777287418616,0,934966207935275143,[],646
221024434142628782,0,137525777056708661,[],647
221024833002453131,0,891826167649260827,[],648
221024335205589557,0,997686779602806743,[],649
221024089314080017,0,289612333237226854,[],650
221024027618665477,0,548519270056724996,[],651
221024266368997901,0,209880240507145870,[],652
221024957309909387,0,100816594458641584,[],653
221024373917194887,0,831838486138793057,[],654
221024882998084736,0,393786805561806093,[],655
221024732607712457,0,479956339524741331,[],656
221024135373959238,0,601942592146422702,[],657
221024608496455470,0,693907952610658071,[],658
221024424629377955,0,865427149916517824,[],659
221024551191935910,0,054159097404334050,[],660
221024518402880189,0,342546240186158942,[],661
221024502836381746,0,226860696410863039,[],662
221024323408045803,0,531635650113965973,[],663
221024596133445081,0,520098914738864019,[],664
221024317897135848,0,024178355376331810,[],665
221024910738643058,0,305198883064379398,[],666
221024206556375618,0,668395774283731055,[],667
221024517104068604,0,805461970452937802,[],668
221024908455751342,0,554212089869879272,[],669
221024336871891593,0,574407902294109934,[],670
221024097612535289,0,667419099483518577,[],671
221024671414777615,0,911821907782923324,[],672
221024989217335176,0,430186342464499467,[],673
221024586920608020,0,537636730587531844,[],674
221024288803437087,0,187022220452611737,[],675
221024843091227493,0,729001064068771845,[],676
221024204401133561,0,031743390727381683,[],677
221024023025760858,0,326972120129688032,[],678
221024132934523137,0,640749336061359534,[],679
221024548736345062,0,903765054576774547,[],680
221024856008334253,0,408605846687912714,[],681
221024799188940661,0,919096436384537763,[],682
221024364633968205,0,663213530336452153,[],683
221024412073374723,0,519985632034126276,[],684
221024500007922195,0,178231001255389673,[],685
221024741529090769,0,125277831077158320,[],686
221024728726467061,0,619447124266597854,[],687
221024404579028474,0,212476113521243717,[],688
221024367432378830,0,651313652026897686,[],689
221024464864399682,0,993897102849083507,[],690
221024939590326426,0,282753042839482633,[],691
221024678589750390,0,903452571153906136,[],692
221024430384311921,0,763267579057335434,[],693
221024295808508517,0,643457586509390114,[],694
221024320932293015,0,340917492679048037,[],695
221024361134834449,0,015452901535411871,[],696
221024864113404638,0,305657479534353473,[],697
221024804878586533,0,507546819884075232,[],698
221024554327956968,0,483976926213936099,[],699
221024466420407157,0,456959405194713776,[],700
221024697077299776,0,492274015479300946,[],701
221024901597728738,0,869939847280884416,[],702
221024636119195407,0,876004974404855303,[],703
221024949330547600,0,049068849513441035,[],704
221024091640137308,0,987515186832903593,[],705
221024645881209211,0,295074195391194011,[],706
221024883517389904,0,659299699940546170,[],707
221024268910360258,0,510290281030331861,[],708
221024019199450266,0,039113588209000499,[],709
221024642943174072,0,795955588414305604,[],710
221024083303826198,0,460717234765864720,[],711
221024835117747595,0,015638057033699003,[],712
221024283922192647,0,637243947711939058,[],713
221024321718236151,0,552726718781601004,[],714
221024161237042184,0,975168569263501859,[],715
221024561227099633,0,394511722359957299,[],716
221024633189831013,0,898331635837509735,[],717
221024417491518455,0,220705148225730185,[],718
221024051016926652,0,000986378385095527,[],719
221024141415481503,0,681175843645991733,[],720
221024922942063362,0,535728164145008394,[],721
221024189731494936,0,331294970067113129,[],722
221024023703883237,0,114497232865762209,[],723
221024914338682502,0,646412505434567594,[],724
221024477361805111,0,168593276454378149,[],725
221024089921502893,0,384725238223725028,[],726
221024875407942225,0,884250872027004255,[],727
221024773349371416,0,242115535574906064,[],728
221024168598754661,0,074967304601833076,[],729
221024494931600437,0,610170729657842194,[],730
221024330162894021,0,774373450038411512,[],731
221024493803744649,0,125491733042255466,[],732
221024253245846499,0,901302227929698988,[],733
221024853749357677,0,770926949776197743,[],734
221024394167987638,0,852766160609241764,[],735
221024767484832666,0,241086392386031948,[],736
221024506878712251,0,258524869687219757,[],737
221024934264540036,0,850750580726030738,[],738
221024274093761762,0,529078480497908039,[],739
221024621364739653,0,896526333845840304,[],740
221024234448142946,0,264976480726382162,[],741
221024094561930770,0,021595950545247490,[],742
221024050257987305,0,763200240010221515,[],743
221024443119160145,0,228483142681594442,[],744
221024432509418226,0,668010132309416159,[],745
221024117681133291,0,506396844107966851,[],746
221024133953119952,0,082325770277501450,[],747
221024440379417753,0,429749664338158491,[],748
221024201285977114,0,956231907547950501,[],749
221024553489805056,0,014875819222346028,[],750
221024377973616344,0,759011816788685703,[],751
221024222145906851,0,830723829444878005,[],752
221024397119706859,0,244705814163182049,[],753
221024540103849643,0,573161919728866490,[],754
221024035959055972,0,514607947937387322,[],755
221024622490923798,0,847116084965391560,[],756
221024523090239268,0,705035014557437842,[],757
221024608166982145,0,880889195022497496,[],758
221024985204986287,0,812080231209511677,[],759
221024903731859145,0,718946122524875471,[],760
221024751581810018,0,891200980986302777,[],761
221024752357502074,0,362665930798561728,[],762
221024340805841161,0,355206765050891173,[],763
221024253587334349,0,189996698067341613,[],764
221024152468920723,0,707097668656018843,[],765
221024409645488676,0,978499014871342707,[],766
221024133131367919,0,472832835887898504,[],767
221024981614002437,0,474344262283450511,[],768
221024666653189748,0,859070675574522722,[],769
221024557507667399,0,239898356787520345,[],770
221024846274354660,0,065367643591355075,[],771
221024657260835791,0,499329704052462453,[],772
221024939823292951,0,908030236953661790,[],773
221024074631777609,0,314356952655488603,[],774
221024429454647294,0,084229713329411731,[],775
221024521067232702,0,682414632105347706,[],776
221024787211115669,0,367739327747206573,[],777
221024779572177471,0,388236873437603507,[],778
221024799893550186,0,721322186712740636,[],779
221024265701977879,0,724374365938133937,[],780
221024665638286849,0,876843229066106793,[],781
221024446121159733,0,164375387050420735,[],782
221024048364646487,0,402949066784925998,[],783
221024549926188066,0,791523009763811291,[],784
221024312444120278,0,545546451094085375,[],785
221024506874542905,0,832851577567537545,[],786
221024861585851592,0,439162546129404610,[],787
221024415445880347,0,053995474440394912,[],788
221024931788688861,0,077086696504529743,[],789
221024049368622980,0,006181756299758554,[],790
221024230073972895,0,193791926400779343,[],791
221024330329235933,0,425344673320056236,[],792
221024204497401762,0,601196666484440017,[],793
221024424263935960,0,891948082120705842,[],794
221024876673751085,0,239646027658012029,[],795
221024871548218658,0,730377907048776137,[],796
221024187060230030,0,642839001628856603,[],797
221024575847045870,0,586223153945654873,[],798
221024997852679211,0,538350480145491413,[],799
221024868072153431,0,988522433955344149,[],800
221024904111892961,0,162612886945114420,[],801
221024112665178162,0,784495664140168663,[],802
221024205088566768,0,538754061422033471,[],803
221024273301981205,0,449580899141837167,[],804
221024382395536076,0,195576054344701597,[],805
221024798957195168,0,306434250906593237,[],806
221024984279599916,0,700015134026234865,[],807
221024346637092299,0,347494355093056968,[],808
221024122081420005,0,750897613389899498,[],809
221024288332688440,0,615943168374925624,[],810
221024661986257157,0,953200100642605796,[],811
221024977454603217,0,323187918537582702,[],812
221024632409542803,0,766733529577150798,[],813
221024299813119507,0,349640008007734050,[],814
221024598211680354,0,651482648149965647,[],815
221024945458014310,0,649099511518840756,[],816
221024186640692304,0,356215031042794799,[],817
221024711054059822,0,401034791447888811,[],818
221024445875469142,0,587077603217515986,[],819
221024864444325268,0,659364973534661224,[],820
221024745909625375,0,594277671033187251,[],821
221024012137105261,0,569520687838975748,[],822
221024629665316545,0,800486291779765440,[],823
221024291886690903,0,506024258624655240,[],824
221024357360200711,0,157037248697796933,[],825
221024724832484700,0,846909813161023979,[],826
221024219992294108,0,207446094852772212,[],827
221024316245581005,0,440539462940649222,[],828
221024603193600295,0,438082088489082386,[],829
221024442550705888,0,239737471662874554,[],830
221024243352413098,0,680370422160823782,[],831
221024023330519975,0,995204849130278130,[],832
221024053907308026,0,021818509501636289,[],833
221024155966393416,0,094007216645684080,[],834
221024579611613882,0,590257356441155088,[],835
221024993058445306,0,546285146251022147,[],836
221024302789974217,0,516573436292266942,[],837
221024824415899394,0,350131701079586669,[],838
221024522360505704,0,021076124879437584,[],839
221024428438158382,0,181764170387778231,[],840
221024029904301354,0,888741814128090023,[],841
221024823621598625,0,512278929669017291,[],842
221024556970592107,0,400796435972104830,[],843
221024674376660868,0,780985030607060997,[],844
221024076831256749,0,935949058432641584,[],845
221024588803309597,0,126456470996776056,[],846
221024229523554718,0,165062287022439947,[],847
221024297632755564,0,334429686568730746,[],848
221024184306227917,0,169437104664120038,[],849
221024288655338238,0,786801670336434131,[],850
221024024569495761,0,944851023508390838,[],851
221024984425788948,0,094769861501565858,[],852
221024540603001425,0,445175399602189392,[],853
221024200552263192,0,093775591950128089,[],854
221024209696005958,0,411686667622523005,[],855
221024843282009653,0,465475992982913539,[],856
221024650618837820,0,770358098328005436,[],857
221024450033073652,0,621995666869969589,[],858
221024998327095613,0,295479765699485367,[],859
221024389860109287,0,188733181253711132,[],860
221024208474896858,0,643169428281425498,[],861
221024925935448173,0,112210367395932899,[],862
221024618543669194,0,004936884102446235,[],863
221024940855127543,0,968944943734878172,[],864
221024757931493454,0,428246996034890800,[],865
221024035331107296,0,707051041135129417,[],866
221024382801882886,0,111330604930081033,[],867
221024839429791682,0,703769350856457845,[],868
221024514466671896,0,811025323309206810,[],869
221024295776038235,0,290887067844905843,[],870
221024136762999598,0,066930626175860979,[],871
221024673446905356,0,965882402659127027,[],872
221024794213926692,0,154291064595878634,[],873
221024656162741061,0,383377398262358233,[],874
221024886081171943,0,382432169699242194,[],875
221024545758785469,0,843257780325268599,[],876
221024398885836145,0,510855187374307046,[],877
221024179129744237,0,317427853877354043,[],878
221024460908555150,0,816066895313962223,[],879
221024650348189811,0,177496012370092709,[],880
221024417405530958,0,103635791660013814,[],881
221024013135547593,0,658543434025285116,[],882
221024127661362491,0,871560723891061507,[],883
221024144626747103,0,179910396201417903,[],884
221024402786783741,0,941782126396858219,[],885
221024433390347060,0,567028753952738842,[],886
221024610905548326,0,722079065226045490,[],887
221024783300377165,0,463600813686816722,[],888
221024154628260134,0,929565118935966319,[],889
221024453975383659,0,356723317362617696,[],890
221024128498020382,0,864269838175302068,[],891
221024493325812171,0,509656677436092584,[],892
221024645820686268,0,501090322335111000,[],893
221024488042898695,0,948401445639161745,[],894
221024725816286394,0,076306104538193852,[],895
221024225182594107,0,760543196391491275,[],896
221024595063426719,0,877679560560166833,[],897
221024565889471616,0,868211986877339743,[],898
221024529779740196,0,074005010915095679,[],899
221024368898856362,0,748515376505819349,[],900
221024738829976403,0,025296887453267166,[],901
221024540540580532,0,663768450570284582,[],902
221024993400723529,0,376038947052717786,[],903
221024533155373935,0,645794688682226762,[],904
221024488461932896,0,031869031834099796,[],905
221024477305026650,0,840244326691406611,[],906
221024536661704548,0,939061599137276155,[],907
221024732793602857,0,700577077887920533,[],908
221024752887312807,0,104306804852747546,[],909
221024177201947205,0,514847571194862928,[],910
221024179011447050,0,059170508146478121,[],911
221024281129464471,0,314773498589769944,[],912
221024166750199258,0,091225475188944387,[],913
221024649731444206,0,122110049599863340,[],914
221024776518347894,0,955310992579531412,[],915
221024936439433000,0,881015211471458126,[],916
221024103199604896,0,162262888224327592,[],917
221024674215902961,0,892821967194495234,[],918
221024376544587706,0,362236613651417674,[],919
221024045451492537,0,366885495449839607,[],920
221024350745649706,0,251267707151020753,[],921
221024553016912431,0,188187113302623351,[],922
221024024364793666,0,658538167301096979,[],923
221024007109942905,0,566817512882835077,[],924
221024068958915832,0,997918477555157672,[],925
221024730312516227,0,241382308697996626,[],926
221024012270871421,0,468481531745435914,[],927
221024672068004600,0,113319550161974599,[],928
221024819868884725,0,548955242453500303,[],929
221024768282814792,0,498215814524719479,[],930
221024866921736269,0,420444449579846362,[],931
221024036735901174,0,402406092730585153,[],932
221024210275143202,0,360384683905688428,[],933
221024132542539690,0,430868861486531582,[],934
221024066057998879,0,234479395155813406,[],935
221024010554850746,0,596633004037648751,[],936
221024857277471085,0,292903979780127551,[],937
221024613672844251,0,743869186914569218,[],938
221024538396496040,0,759701780159277160,[],939
221024292986408010,0,792048577125746747,[],940
221024225568193631,0,677758114544625524,[],941
221024502611362027,0,228270799827824644,[],942
221024423975727854,0,484205603303092214,[],943
221024323995217683,0,150806726387080563,[],944
221024994130962550,0,210829044914560732,[],945
221024862809731229,0,989331242826107408,[],946
221024440183564883,0,011055928571556231,[],947
221024307737150178,0,500480699046786894,[],948
221024106869900972,0,567693279184948038,[],949
221024095158776278,0,490623161815849157,[],950
221024153326425495,0,507031245878225698,[],951
221024106517067164,0,276620795308849820,[],952
221024599054535552,0,001202274617221598,[],953
221024715828837148,0,965414054673013542,[],954
221024926501853800,0,991013715355223055,[],955
221024978885250466,0,838838982136872904,[],956
221024452897234148,0,094827679585615596,[],957
221024146176195361,0,331436801205828958,[],958
221024660960978753,0,034846856387556505,[],959
221024006596700737,0,400278845336613681,[],960
221024408169896698,0,925828642045167287,[],961
221024977349260038,0,412714649936047747,[],962
221024036546728714,0,775308152639240630,[],963
221024384225125254,0,524557115125851299,[],964
221024122119702750,0,034957576357994031,[],965
221024378680458773,0,456086934245835275,[],966
221024068899025274,0,029383716130048934,[],967
221024880679257286,0,865296018317027449,[],968
221024552416282436,0,768995115165483097,[],969
221024741658487213,0,927619635846104955,[],970
221024292826180537,0,779595733623329292,[],971
221024932819703542,0,607837125066962921,[],972
221024411486610958,0,019569590570016049,[],973
221024844151474982,0,425095630663667540,[],974
221024869461706945,0,421398373624250465,[],975
221024246046426896,0,714934748109701232,[],976
221024374035942733,0,831862253055401250,[],977
221024355610450383,0,968020930721397228,[],978
221024543246726093,0,071984988445786633,[],979
221024705485318588,0,989871618051473646,[],980
221024430853052549,0,869618137502694954,[],981
221024147014862031,0,740035342034759408,[],982
221024961336332152,0,747783386565262257,[],983
221024479640277955,0,723367907680332545,[],984
221024074780821580,0,964809076498982724,[],985
221024315803132618,0,250765921343724788,[],986
221024298118218620,0,802265912949254281,[],987
221024700856063652,0,442631326757732084,[],988
221024172471022844,0,131476199262387501,[],989
221024186638558961,0,167418158841755800,[],990
221024123612893290,0,271855727511476473,[],991
221024198369650392,0,569688393062383621,[],992
221024540634549767,0,641667577807651749,[],993
221024069259638143,0,922857540815594820,[],994
221024602574642493,0,209879603592349824,[],995
221024757334748163,0,540535827944875330,[],996
221024565658775004,0,620676804230339337,[],997
221024188800359674,0,333394428655657166,[],998
221024968074672235,0,428996590547422194,[],999
221024835995135067,0,384586571469447667,[],1000
221077591758691957,0,442209941669204892,[],1001
